latitude,longitude,brightness,scan,track,acq_date,acq_time,satellite,instrument,confidence,version,bright_t31,frp,daynight,type
13.3523,-15.7672,315.8,3.6,1.8,2015-01-01,1354,Aqua,MODIS,51,6.2,299.7,45.3,D,0
13.3607,-15.7735,317.2,3.6,1.8,2015-01-01,1354,Aqua,MODIS,47,6.2,298.1,50.5,D,0
13.3682,-15.8969,331.3,1,1,2015-01-02,1436,Aqua,MODIS,84,6.2,302.7,22.9,D,0
13.3669,-15.9065,318,1,1,2015-01-02,1436,Aqua,MODIS,43,6.2,298.9,8.1,D,0
13.3695,-15.8873,327.2,1,1,2015-01-02,1436,Aqua,MODIS,67,6.2,306.1,16.3,D,0
13.4035,-15.6269,323.2,1.1,1,2015-01-04,1424,Aqua,MODIS,58,6.2,305.8,11.1,D,0
13.1626,-16.1712,322.8,1.1,1.1,2015-01-07,1151,Terra,MODIS,73,6.2,302.2,15.7,D,0
13.4219,-15.8078,316.5,1.2,1.1,2015-01-07,1151,Terra,MODIS,41,6.2,304.1,7.1,D,0
13.3155,-15.9108,323.3,2,1.4,2015-01-07,1455,Aqua,MODIS,67,6.2,306.7,22.6,D,0
13.3924,-15.4787,319.7,2.2,1.4,2015-01-07,1455,Aqua,MODIS,56,6.2,304.5,21.1,D,0
13.3118,-15.9033,323.9,2,1.4,2015-01-07,1455,Aqua,MODIS,63,6.2,306.6,24,D,0
13.3842,-15.6547,322.4,2.1,1.4,2015-01-07,1455,Aqua,MODIS,62,6.2,304.5,26.1,D,0
13.3865,-15.6356,319.5,2.1,1.4,2015-01-07,1455,Aqua,MODIS,39,6.2,305.4,16.7,D,0
13.2899,-15.898,300.6,1.9,1.3,2015-01-08,0309,Aqua,MODIS,9,6.2,286.5,13.4,N,0
13.2957,-15.8916,305.9,1.9,1.3,2015-01-08,0309,Aqua,MODIS,66,6.2,286.8,22.5,N,0
13.343,-16.0075,317,1,1,2015-01-09,1139,Terra,MODIS,63,6.2,299.9,8.8,D,0
13.411,-15.6531,321.8,1,1,2015-01-09,1139,Terra,MODIS,72,6.2,303.9,11.3,D,0
13.386,-15.3584,318.3,1,1,2015-01-09,1139,Terra,MODIS,65,6.2,303,7.8,D,0
13.4097,-15.644,324.6,1,1,2015-01-09,1139,Terra,MODIS,76,6.2,302,14.2,D,0
13.3989,-13.9025,321.3,1.6,1.3,2015-01-13,1114,Terra,MODIS,74,6.2,304.4,18.4,D,0
13.5985,-15.3597,353.2,1.2,1.1,2015-01-13,1418,Aqua,MODIS,73,6.2,303.5,79.4,D,0
13.6214,-14.8919,322.2,1.7,1.3,2015-01-14,1157,Terra,MODIS,66,6.2,305.8,19.9,D,0
13.6327,-14.8898,321.2,1.7,1.3,2015-01-14,1157,Terra,MODIS,52,6.2,306.4,17,D,0
13.6165,-14.9184,322.4,3.2,1.7,2015-01-14,1501,Aqua,MODIS,62,6.2,300.4,59.5,D,0
13.6131,-14.9231,320.7,3.2,1.7,2015-01-14,1501,Aqua,MODIS,58,6.2,301.1,50.4,D,0
13.5378,-13.9777,322.1,1,1,2015-01-18,1133,Terra,MODIS,68,6.2,307.7,7.7,D,0
13.5719,-16.2293,354.3,1.2,1.1,2015-01-18,1133,Terra,MODIS,97,6.2,308.5,73.9,D,0
13.5484,-14.6677,327.9,1.2,1.1,2015-01-18,1437,Aqua,MODIS,77,6.2,290,23,D,0
13.5596,-14.6582,325.2,1.2,1.1,2015-01-18,1437,Aqua,MODIS,52,6.2,295.5,17.8,D,0
13.561,-14.6474,327.8,1.2,1.1,2015-01-18,1437,Aqua,MODIS,70,6.2,296.8,21.7,D,0
13.4621,-15.2344,335.3,1.1,1.1,2015-01-18,1437,Aqua,MODIS,85,6.2,311,26.2,D,0
13.1961,-16.0765,312.7,3.2,1.7,2015-01-19,1216,Terra,MODIS,55,6.2,299.8,28.2,D,0
13.1592,-15.8725,314.8,3.3,1.7,2015-01-19,1216,Terra,MODIS,62,6.2,299.6,40,D,0
13.1578,-15.8512,329.8,1.1,1,2015-01-20,1424,Aqua,MODIS,64,6.2,311.4,15.6,D,0
13.1655,-15.8625,329.2,1.1,1,2015-01-20,1424,Aqua,MODIS,59,6.2,309.2,14.7,D,0
13.5012,-14.0697,327.8,1,1,2015-01-20,1425,Aqua,MODIS,62,6.2,312.4,9,D,0
13.2182,-16.7313,322.4,1.2,1.1,2015-01-20,1425,Aqua,MODIS,62,6.2,309,10.7,D,0
13.756,-15.3216,350,1,1,2015-01-25,1139,Terra,MODIS,94,6.2,311,49.4,D,0
13.7406,-15.3303,341.3,1.4,1.2,2015-01-25,1443,Aqua,MODIS,85,6.2,314.2,44.7,D,0
13.3974,-15.8558,351.4,1.2,1.1,2015-01-25,1443,Aqua,MODIS,94,6.2,313.2,69.8,D,0
13.396,-15.8671,328.4,1.2,1.1,2015-01-25,1443,Aqua,MODIS,61,6.2,308.2,17.4,D,0
13.3756,-15.9448,357,1.2,1.1,2015-01-25,1443,Aqua,MODIS,98,6.2,313.1,88.5,D,0
13.7509,-15.3318,328,1.4,1.2,2015-01-25,1443,Aqua,MODIS,56,6.2,312.7,15.2,D,0
13.739,-15.3427,327.7,1.3,1.2,2015-01-25,1443,Aqua,MODIS,47,6.2,310.8,13.3,D,0
13.3625,-15.7373,321.7,1.3,1.1,2015-01-27,1127,Terra,MODIS,47,6.2,305.1,12.3,D,0
13.3506,-15.7265,319.2,1.3,1.1,2015-01-27,1127,Terra,MODIS,30,6.2,305.1,9.5,D,0
13.4082,-15.8623,319.4,1.4,1.2,2015-01-27,1127,Terra,MODIS,55,6.2,303.9,12.8,D,0
13.3469,-15.7765,334.8,1.3,1.1,2015-01-27,1127,Terra,MODIS,84,6.2,303.5,37.6,D,0
13.3985,-15.7884,317.9,1.3,1.1,2015-01-27,1127,Terra,MODIS,40,6.2,303.6,9.4,D,0
13.3453,-15.7643,327.2,1.3,1.1,2015-01-27,1127,Terra,MODIS,63,6.2,305.9,20.9,D,0
13.4028,-15.901,321.4,1.4,1.2,2015-01-27,1127,Terra,MODIS,48,6.2,301.8,18.5,D,0
13.4001,-15.8007,317.9,1.3,1.1,2015-01-27,1127,Terra,MODIS,48,6.2,303.9,9.2,D,0
13.4088,-15.7871,327.4,1.3,1.1,2015-01-27,1127,Terra,MODIS,76,6.2,304.2,24.5,D,0
13.4098,-15.8748,322.6,1.4,1.2,2015-01-27,1127,Terra,MODIS,63,6.2,303.8,17.8,D,0
13.4036,-15.9164,331.5,1,1,2015-01-27,1431,Aqua,MODIS,53,6.2,307.4,18,D,0
13.3652,-15.7371,327.7,1,1,2015-01-27,1431,Aqua,MODIS,46,6.2,312.2,9,D,0
13.2753,-14.3398,328.4,1.1,1,2015-01-27,1431,Aqua,MODIS,68,6.2,311.7,11.8,D,0
13.7154,-15.4063,327.4,1,1,2015-01-27,1431,Aqua,MODIS,62,6.2,310.1,9.2,D,0
13.7141,-15.4154,330.8,1,1,2015-01-27,1431,Aqua,MODIS,72,6.2,311.3,14.3,D,0
13.4049,-15.9072,332.7,1,1,2015-01-27,1431,Aqua,MODIS,59,6.2,309.6,18.5,D,0
13.4063,-15.8981,331.8,1,1,2015-01-27,1431,Aqua,MODIS,20,6.2,310.2,16.7,D,0
13.4102,-15.8707,329.5,1,1,2015-01-27,1431,Aqua,MODIS,58,6.2,310.7,14.5,D,0
13.4229,-15.8708,314.3,2.5,1.5,2015-01-28,1209,Terra,MODIS,50,6.2,279.8,37.9,D,0
13.4106,-16.123,309.7,2.4,1.5,2015-01-29,1114,Terra,MODIS,40,6.2,289,19.3,D,0
13.4576,-15.5317,320.2,1.5,1.2,2015-01-30,1157,Terra,MODIS,50,6.2,305.5,13.4,D,0
13.2046,-16.5665,333.6,1,1,2015-02-01,1145,Terra,MODIS,86,6.2,302.1,26.8,D,0
13.2755,-14.2848,331.9,2,1.4,2015-02-01,1449,Aqua,MODIS,78,6.2,316.6,33.4,D,0
13.383,-15.671,305.2,1.1,1,2015-02-02,2319,Terra,MODIS,64,6.2,287.9,7.5,N,0
13.3816,-15.6807,301.5,1.1,1,2015-02-02,2319,Terra,MODIS,42,6.2,285.5,5,N,0
13.3796,-15.6741,331,1.1,1,2015-02-03,1437,Aqua,MODIS,69,6.2,313.8,12.2,D,0
13.3703,-15.6728,338.5,1.1,1,2015-02-03,1437,Aqua,MODIS,84,6.2,314.4,25.1,D,0
13.1587,-15.969,328.7,1.1,1,2015-02-05,1425,Aqua,MODIS,67,6.2,312.9,11.7,D,0
13.3512,-13.9133,324.3,2.1,1.4,2015-02-07,1108,Terra,MODIS,64,6.2,308.1,25.9,D,0
13.3536,-13.9328,335.7,2.1,1.4,2015-02-07,1108,Terra,MODIS,83,6.2,307.5,69.3,D,0
13.4195,-14.3973,337,1.3,1.1,2015-02-07,1412,Aqua,MODIS,79,6.2,316.5,25.8,D,0
13.3475,-13.9413,340.8,1.2,1.1,2015-02-07,1412,Aqua,MODIS,83,6.2,318.5,30.6,D,0
13.3492,-13.9302,340.8,1.2,1.1,2015-02-07,1412,Aqua,MODIS,83,6.2,319.7,30.6,D,0
13.4176,-14.409,335,1.3,1.1,2015-02-07,1412,Aqua,MODIS,75,6.2,316.1,21.5,D,0
13.4223,-14.387,326.7,1.5,1.2,2015-02-07,2337,Terra,MODIS,100,6.2,297.3,43.2,N,0
13.4257,-14.379,311.4,1.5,1.2,2015-02-07,2337,Terra,MODIS,82,6.2,296.5,16.2,N,0
13.424,-14.3931,323.1,1.5,1.2,2015-02-07,2337,Terra,MODIS,100,6.2,297.3,35.8,N,0
13.6333,-15.2303,307.2,1,1,2015-02-09,2325,Terra,MODIS,71,6.2,292.2,7.1,N,0
13.6321,-15.2395,345.1,1,1,2015-02-09,2325,Terra,MODIS,100,6.2,294,52.6,N,0
13.2458,-16.0582,322.2,1,1,2015-02-10,1139,Terra,MODIS,62,6.2,303.6,9.4,D,0
13.6744,-15.2016,300.3,1.3,1.1,2015-02-11,0257,Aqua,MODIS,25,6.2,287.4,6.3,N,0
13.4489,-14.0365,332.2,1.1,1,2015-02-12,1431,Aqua,MODIS,58,6.2,318.1,10.9,D,0
13.4747,-13.8475,341,1.1,1,2015-02-12,1431,Aqua,MODIS,82,6.2,319.5,24.4,D,0
13.4734,-13.8575,332.9,1.1,1,2015-02-12,1431,Aqua,MODIS,52,6.2,318.2,11.1,D,0
13.1802,-16.0709,330.1,1,1,2015-02-12,1431,Aqua,MODIS,65,6.2,311.7,13.7,D,0
13.5392,-14.9104,334.6,1,1,2015-02-12,1431,Aqua,MODIS,62,6.2,317.7,16.5,D,0
13.3639,-15.8234,331.1,4.7,2,2015-02-13,1514,Aqua,MODIS,84,6.2,298.4,172.3,D,0
13.3595,-15.8662,324.7,4.6,2,2015-02-13,1514,Aqua,MODIS,78,6.2,298.9,103.3,D,0
13.3657,-15.8189,328.3,4.7,2,2015-02-13,1514,Aqua,MODIS,81,6.2,298.4,132.9,D,0
13.361,-15.8617,328.5,4.6,2,2015-02-13,1514,Aqua,MODIS,81,6.2,299,136.1,D,0
13.1811,-15.8802,326.3,2.2,1.4,2015-02-13,2300,Terra,MODIS,100,6.2,292.2,71.5,N,0
13.1778,-15.8997,305.4,2.2,1.4,2015-02-13,2300,Terra,MODIS,32,6.2,290.9,16,N,0
13.1904,-15.902,311.9,2.2,1.4,2015-02-13,2300,Terra,MODIS,82,6.2,290,29.9,N,0
13.177,-15.8684,322.7,2.3,1.5,2015-02-14,1114,Terra,MODIS,63,6.2,303.1,30.3,D,0
13.2058,-15.886,325.5,2.3,1.5,2015-02-14,1114,Terra,MODIS,67,6.2,303,40,D,0
13.2034,-15.8804,320.7,2.3,1.5,2015-02-14,1114,Terra,MODIS,46,6.2,302.7,24.5,D,0
13.2212,-15.88,325.9,1.3,1.1,2015-02-14,1419,Aqua,MODIS,41,6.2,310.8,9.5,D,0
13.2094,-15.89,351.7,1.3,1.1,2015-02-14,1419,Aqua,MODIS,94,6.2,314.2,69.3,D,0
13.2075,-15.9018,342.1,1.3,1.1,2015-02-14,1419,Aqua,MODIS,86,6.2,312.1,41.8,D,0
13.2247,-15.8935,301.8,1.3,1.2,2015-02-15,0233,Aqua,MODIS,45,6.2,291.3,6.4,N,0
13.2532,-16.307,321.5,1.4,1.2,2015-02-15,1157,Terra,MODIS,47,6.2,302.4,14.9,D,0
13.2274,-15.8886,324.1,1.5,1.2,2015-02-15,1157,Terra,MODIS,40,6.2,304.2,14.6,D,0
13.2105,-15.9377,328.3,2.6,1.6,2015-02-15,1501,Aqua,MODIS,53,6.2,300.9,45.6,D,0
13.2043,-15.9295,335.9,2.6,1.6,2015-02-15,1501,Aqua,MODIS,82,6.2,301.7,88.3,D,0
13.2183,-15.9311,329.2,2.6,1.6,2015-02-15,1501,Aqua,MODIS,73,6.2,301,53.6,D,0
13.2132,-15.9136,346.2,2.6,1.6,2015-02-15,1501,Aqua,MODIS,91,6.2,303.9,161.3,D,0
13.2072,-15.9055,336.3,2.6,1.6,2015-02-15,1501,Aqua,MODIS,82,6.2,304.1,91.7,D,0
13.2212,-15.9071,331.9,2.6,1.6,2015-02-15,1501,Aqua,MODIS,77,6.2,304,69.4,D,0
13.3893,-15.326,324.7,1.9,1.4,2015-02-16,1406,Aqua,MODIS,54,6.2,306.5,18.4,D,0
13.7217,-15.3203,331.5,1.9,1.3,2015-02-16,1406,Aqua,MODIS,72,6.2,306.7,34.6,D,0
13.7366,-15.3051,328.6,1.9,1.3,2015-02-16,1406,Aqua,MODIS,64,6.2,308.1,25.8,D,0
13.7246,-15.303,337.4,1.9,1.3,2015-02-16,1406,Aqua,MODIS,81,6.2,308.2,55.7,D,0
13.715,-15.3054,326,1.1,1,2015-02-17,1145,Terra,MODIS,72,6.2,309.1,11.2,D,0
13.3655,-15.8067,333.4,1.6,1.2,2015-02-17,1449,Aqua,MODIS,80,6.2,309,27.2,D,0
13.3673,-15.7923,332,1.6,1.2,2015-02-17,1449,Aqua,MODIS,72,6.2,308.7,25.3,D,0
13.3544,-15.8053,350.6,1.6,1.2,2015-02-17,1449,Aqua,MODIS,95,6.2,310.8,86,D,0
13.2159,-16.094,330.8,1.5,1.2,2015-02-17,1449,Aqua,MODIS,79,6.2,310.1,25.5,D,0
13.163,-16.4241,340.8,1.4,1.2,2015-02-17,1449,Aqua,MODIS,88,6.2,308.4,49.9,D,0
13.2051,-16.0925,331.6,1.5,1.2,2015-02-17,1449,Aqua,MODIS,80,6.2,309.1,26.1,D,0
13.3323,-15.8301,301.4,1.5,1.2,2015-02-18,0303,Aqua,MODIS,41,6.2,291.3,7,N,0
13.3423,-14.3883,335.2,2.8,1.6,2015-02-18,1354,Aqua,MODIS,78,6.2,306.4,90.5,D,0
13.7507,-15.3587,326.6,3.3,1.7,2015-02-18,1354,Aqua,MODIS,48,6.2,304.9,45.8,D,0
13.2191,-15.9354,306.7,1.1,1,2015-02-18,2318,Terra,MODIS,69,6.2,292.7,7,N,0
13.2206,-15.9255,305.2,1.1,1,2015-02-18,2318,Terra,MODIS,62,6.2,292.8,5.9,N,0
13.6664,-15.1432,335.5,1.1,1,2015-02-19,1133,Terra,MODIS,77,6.2,301.5,28.4,D,0
13.202,-15.9496,351,1.1,1.1,2015-02-19,1133,Terra,MODIS,95,6.2,308.1,60.1,D,0
13.1925,-15.9509,333.2,1.1,1.1,2015-02-19,1133,Terra,MODIS,80,6.2,305.1,23.4,D,0
13.6678,-15.1528,357.3,1.1,1,2015-02-19,1133,Terra,MODIS,74,6.2,301,74.9,D,0
13.1883,-15.9464,346.7,1,1,2015-02-19,1437,Aqua,MODIS,91,6.2,306.5,40.6,D,0
13.522,-14.7575,328.5,1.2,1.1,2015-02-19,1437,Aqua,MODIS,46,6.2,311,11.5,D,0
13.6738,-15.1449,336.3,1.1,1.1,2015-02-19,1437,Aqua,MODIS,67,6.2,305.4,27.7,D,0
13.1778,-15.9546,335.4,1,1,2015-02-19,1437,Aqua,MODIS,76,6.2,307.3,20.7,D,0
13.6724,-15.1552,334.9,1.1,1.1,2015-02-19,1437,Aqua,MODIS,0,6.2,301.8,26.1,D,0
13.5189,-14.7504,326.5,1.2,1.1,2015-02-19,1437,Aqua,MODIS,24,6.2,310.1,7.2,D,0
13.1869,-15.9559,342.9,1,1,2015-02-19,1437,Aqua,MODIS,88,6.2,306.8,34.1,D,0
13.2644,-15.9821,300.2,1,1,2015-02-20,0251,Aqua,MODIS,22,6.2,288.8,4.4,N,0
13.263,-15.9728,306.1,1,1,2015-02-20,0251,Aqua,MODIS,67,6.2,289.5,7.9,N,0
13.2385,-15.9697,357.1,1.8,1.3,2015-02-21,1120,Terra,MODIS,98,6.2,304.5,156.2,D,0
13.2425,-15.9753,340.2,1.8,1.3,2015-02-21,1120,Terra,MODIS,89,6.2,304.5,75.8,D,0
13.2404,-15.9592,329.8,1.8,1.3,2015-02-21,1120,Terra,MODIS,79,6.2,301.7,39.9,D,0
13.2308,-15.9767,319.5,1.8,1.3,2015-02-21,1120,Terra,MODIS,56,6.2,299.4,16.6,D,0
13.3079,-14.5025,335.3,1,1,2015-02-21,1425,Aqua,MODIS,82,6.2,308.3,20.5,D,0
13.1608,-16.2441,315.8,1.1,1.1,2015-02-21,1425,Aqua,MODIS,15,6.2,293.4,6,D,0
13.2714,-15.9678,321.9,1.9,1.3,2015-02-22,1203,Terra,MODIS,32,6.2,307.8,21.5,D,0
13.156,-16.7329,325.4,1.6,1.3,2015-02-22,1203,Terra,MODIS,71,6.2,303,32.2,D,0
13.2029,-16.0661,323.6,1.8,1.3,2015-02-22,1203,Terra,MODIS,42,6.2,308.8,22.5,D,0
13.1537,-16.7464,335.2,3,1.6,2015-02-22,1507,Aqua,MODIS,62,6.2,305.4,122.9,D,0
13.3739,-16.1203,306,2.9,1.6,2015-02-22,2254,Terra,MODIS,67,6.2,275.4,45.4,N,0
13.3751,-16.1259,300.8,2.9,1.6,2015-02-22,2254,Terra,MODIS,26,6.2,272.4,28.9,N,0
13.3595,-16.1175,321.6,2.9,1.6,2015-02-22,2254,Terra,MODIS,100,6.2,281.7,102.4,N,0
13.3547,-16.1442,310.4,3,1.6,2015-02-22,2254,Terra,MODIS,80,6.2,279.1,56.3,N,0
13.3706,-16.1087,304.3,3.1,1.7,2015-02-23,0322,Aqua,MODIS,59,6.2,288.1,35.8,N,0
13.3557,-16.1116,300.8,3.1,1.7,2015-02-23,0322,Aqua,MODIS,24,6.2,288.3,25.6,N,0
13.3563,-16.1388,318.8,3.2,1.7,2015-02-23,1108,Terra,MODIS,36,6.2,302.3,42.8,D,0
13.1624,-16.0291,342.2,3.1,1.7,2015-02-23,1108,Terra,MODIS,89,6.2,304.4,185.2,D,0
13.3501,-16.1469,344.1,1.7,1.3,2015-02-23,1412,Aqua,MODIS,60,6.2,313.3,70,D,0
13.375,-14.1005,342.5,1.3,1.1,2015-02-23,1412,Aqua,MODIS,85,6.2,314.6,39.7,D,0
13.3521,-16.1202,331.7,1.7,1.3,2015-02-23,1412,Aqua,MODIS,34,6.2,312.2,27.8,D,0
13.3468,-16.1514,349.9,1.7,1.3,2015-02-23,1412,Aqua,MODIS,93,6.2,312.9,100.8,D,0
13.3361,-16.1604,360.7,1.7,1.3,2015-02-23,1412,Aqua,MODIS,100,6.2,310.5,163.4,D,0
13.3387,-16.1448,353,1.7,1.3,2015-02-23,1412,Aqua,MODIS,95,6.2,310.7,113.1,D,0
13.3381,-16.1337,341.5,1.7,1.3,2015-02-23,1412,Aqua,MODIS,65,6.2,310.7,56.4,D,0
13.181,-16.1102,344.1,1.7,1.3,2015-02-23,1412,Aqua,MODIS,88,6.2,310.3,74.4,D,0
13.1925,-16.1123,325.3,1.7,1.3,2015-02-23,1412,Aqua,MODIS,7,6.2,310.2,15.4,D,0
13.3407,-16.1182,338.8,1.7,1.3,2015-02-23,1412,Aqua,MODIS,45,6.2,312.1,47.8,D,0
13.3328,-16.1649,335.2,1.7,1.3,2015-02-23,1412,Aqua,MODIS,62,6.2,307.9,47.4,D,0
13.2632,-15.9665,348.8,1.7,1.3,2015-02-23,1412,Aqua,MODIS,92,6.2,311.1,92.3,D,0
13.3412,-16.1292,349.5,1.7,1.3,2015-02-23,1412,Aqua,MODIS,91,6.2,312.2,93.3,D,0
13.3354,-16.1493,343.1,1.7,1.3,2015-02-23,1412,Aqua,MODIS,70,6.2,309.4,67.6,D,0
13.3543,-16.0811,302.7,1.2,1.1,2015-02-23,2337,Terra,MODIS,24,6.2,289.9,6.1,N,0
13.3063,-16.1234,321.1,1.2,1.1,2015-02-23,2337,Terra,MODIS,80,6.2,291.4,21.9,N,0
13.3403,-16.1124,304.7,1.2,1.1,2015-02-23,2337,Terra,MODIS,25,6.2,290.1,7.3,N,0
13.3514,-16.1029,313.6,1.2,1.1,2015-02-23,2337,Terra,MODIS,55,6.2,291,14.4,N,0
13.3049,-16.1342,321,1.2,1.1,2015-02-23,2337,Terra,MODIS,100,6.2,291.4,22.2,N,0
13.3034,-16.145,302.7,1.2,1.1,2015-02-23,2337,Terra,MODIS,29,6.2,289.9,5.8,N,0
13.338,-16.107,303.9,1.8,1.3,2015-02-24,0226,Aqua,MODIS,58,6.2,287.3,15.8,N,0
13.3433,-16.0991,301,1.8,1.3,2015-02-24,0226,Aqua,MODIS,20,6.2,286.9,11.4,N,0
13.3494,-16.0835,343.5,1.1,1.1,2015-02-24,1151,Terra,MODIS,89,6.2,311.6,41,D,0
13.351,-16.0939,341.9,1.1,1.1,2015-02-24,1151,Terra,MODIS,87,6.2,311.5,36.5,D,0
13.3305,-16.0927,346.3,1.9,1.4,2015-02-24,1455,Aqua,MODIS,90,6.2,310,92.2,D,0
13.4816,-14.1092,329.2,2.8,1.6,2015-02-24,1455,Aqua,MODIS,53,6.2,314.4,31.5,D,0
13.3426,-16.0943,334,1.9,1.4,2015-02-24,1455,Aqua,MODIS,62,6.2,312.1,37.9,D,0
13.4906,-13.8919,330.7,2,1.4,2015-02-25,1400,Aqua,MODIS,53,6.2,314.9,26.4,D,0
13.4876,-13.9098,328.9,2,1.4,2015-02-25,1400,Aqua,MODIS,46,6.2,315.4,21.4,D,0
13.4051,-15.5927,306.2,1,1,2015-02-25,2325,Terra,MODIS,67,6.2,292.3,6.6,N,0
13.4341,-15.5218,334.5,1,1,2015-02-26,1139,Terra,MODIS,80,6.2,311.6,19.6,D,0
13.4265,-15.5323,348.1,1,1,2015-02-26,1139,Terra,MODIS,92,6.2,312.6,43.1,D,0
13.6831,-15.0272,337.1,1,1,2015-02-26,1139,Terra,MODIS,83,6.2,308.1,26,D,0
13.3123,-15.8238,335.9,1,1,2015-02-26,1139,Terra,MODIS,81,6.2,313.3,19.9,D,0
13.399,-15.5989,325.7,1,1,2015-02-26,1139,Terra,MODIS,57,6.2,311.9,9.2,D,0
13.681,-14.8244,325.4,1,1,2015-02-26,1139,Terra,MODIS,60,6.2,311.2,7.8,D,0
13.3417,-13.9216,345.7,1.1,1,2015-02-26,1139,Terra,MODIS,90,6.2,314.6,40.6,D,0
13.4354,-15.5309,340.3,1,1,2015-02-26,1139,Terra,MODIS,86,6.2,311.8,28.6,D,0
13.3431,-13.9312,344.9,1.1,1,2015-02-26,1139,Terra,MODIS,90,6.2,314.1,38.8,D,0
13.4251,-15.5231,339.3,1,1,2015-02-26,1139,Terra,MODIS,85,6.2,311.2,27.1,D,0
13.6385,-14.5784,330.3,1.5,1.2,2015-02-26,1443,Aqua,MODIS,30,6.2,315.1,13.1,D,0
13.6791,-15.0436,328,1.4,1.2,2015-02-26,1443,Aqua,MODIS,30,6.2,312.7,12.1,D,0
13.6441,-14.557,345.5,1.5,1.2,2015-02-26,1443,Aqua,MODIS,89,6.2,319.1,56.1,D,0
13.6403,-14.5648,369.1,1.5,1.2,2015-02-26,1443,Aqua,MODIS,100,6.2,320.2,164,D,0
13.6511,-14.5662,346.6,1.5,1.2,2015-02-26,1443,Aqua,MODIS,90,6.2,317.6,59.4,D,0
13.6424,-14.5707,351.2,1.5,1.2,2015-02-26,1443,Aqua,MODIS,94,6.2,318.6,76.7,D,0
13.6532,-14.5722,338,1.5,1.2,2015-02-26,1443,Aqua,MODIS,80,6.2,316.3,32.3,D,0
13.3348,-13.9175,335.1,1.6,1.3,2015-02-26,1443,Aqua,MODIS,75,6.2,317.3,29.2,D,0
13.6511,-15.1752,327.6,1.2,1.1,2015-02-27,2312,Terra,MODIS,100,6.2,293,32.7,N,0
13.6494,-15.1859,302.6,1.2,1.1,2015-02-27,2312,Terra,MODIS,50,6.2,291.9,6.2,N,0
13.6623,-15.1661,317.3,1.2,1.1,2015-02-27,2312,Terra,MODIS,95,6.2,291.8,19.3,N,0
13.6607,-15.1768,335.4,1.2,1.1,2015-02-27,2312,Terra,MODIS,100,6.2,292.8,45.5,N,0
13.5799,-14.9094,306.4,1.1,1.1,2015-02-27,2312,Terra,MODIS,68,6.2,293.4,7,N,0
13.6527,-15.1645,318.3,1.2,1.1,2015-02-27,2312,Terra,MODIS,97,6.2,291,20.2,N,0
13.3289,-16.7161,319.6,1.6,1.2,2015-02-28,1126,Terra,MODIS,54,6.2,301.7,12.3,D,0
13.1737,-16.0214,349.5,1,1,2015-02-28,1431,Aqua,MODIS,93,6.2,312.1,43.4,D,0
13.1634,-16.0292,334.4,1,1,2015-02-28,1431,Aqua,MODIS,78,6.2,312.8,16.2,D,0
13.1723,-16.0306,386.8,1,1,2015-02-28,1431,Aqua,MODIS,100,6.2,314.4,166.4,D,0
13.171,-16.0397,325.6,1,1,2015-02-28,1431,Aqua,MODIS,27,6.2,308.1,5.9,D,0
13.1767,-16.0387,348.6,2.4,1.5,2015-03-01,1209,Terra,MODIS,93,6.2,308,163.7,D,0
13.1805,-16.0604,338,2.4,1.5,2015-03-01,1209,Terra,MODIS,85,6.2,305.4,94.1,D,0
13.1852,-16.0304,325,2.4,1.5,2015-03-01,1209,Terra,MODIS,69,6.2,305.5,35.5,D,0
13.1891,-16.0521,328.2,2.4,1.5,2015-03-01,1209,Terra,MODIS,74,6.2,306.3,47.8,D,0
13.4184,-15.4774,320,2.6,1.6,2015-03-01,1209,Terra,MODIS,36,6.2,303.2,19.6,D,0
13.7264,-15.2516,322.5,2.7,1.6,2015-03-01,1209,Terra,MODIS,61,6.2,305.3,26.1,D,0
13.4322,-15.4747,322.7,2.6,1.6,2015-03-01,1209,Terra,MODIS,62,6.2,304.5,34,D,0
13.1635,-16.0411,325,2.4,1.5,2015-03-01,1209,Terra,MODIS,68,6.2,307,35,D,0
13.1672,-16.0627,323.2,2.4,1.5,2015-03-01,1209,Terra,MODIS,64,6.2,304.7,28.2,D,0
13.7307,-15.2453,324.4,2.7,1.6,2015-03-01,1209,Terra,MODIS,67,6.2,305.5,36.1,D,0
13.2119,-16.175,318.8,4.3,1.9,2015-03-01,1514,Aqua,MODIS,44,6.2,304.2,46.8,D,0
13.2154,-16.1831,319.2,4.3,1.9,2015-03-01,1514,Aqua,MODIS,55,6.2,303.9,48.6,D,0
13.3452,-14.2504,325.2,1.7,1.3,2015-03-02,1114,Terra,MODIS,43,6.2,307.3,18,D,0
13.3432,-14.2346,332.2,1.7,1.3,2015-03-02,1114,Terra,MODIS,77,6.2,309.2,36.9,D,0
13.3547,-14.2331,352.5,1.7,1.3,2015-03-02,1114,Terra,MODIS,95,6.2,312.2,116.2,D,0
13.4336,-15.475,328.6,2.2,1.4,2015-03-02,1114,Terra,MODIS,72,6.2,308.7,42.7,D,0
13.6428,-14.8656,324.7,1.9,1.4,2015-03-02,1114,Terra,MODIS,57,6.2,310.1,21.7,D,0
13.6467,-14.859,324.4,1.9,1.4,2015-03-02,1114,Terra,MODIS,58,6.2,309.3,21.5,D,0
13.4087,-15.4851,323.9,2.2,1.4,2015-03-02,1114,Terra,MODIS,59,6.2,308.1,24.3,D,0
13.4342,-15.4822,330,2.2,1.4,2015-03-02,1114,Terra,MODIS,74,6.2,308.4,46.1,D,0
13.3568,-14.249,350,1.7,1.3,2015-03-02,1114,Terra,MODIS,94,6.2,308.4,104.4,D,0
13.3559,-14.248,337.5,1.1,1,2015-03-02,1418,Aqua,MODIS,69,6.2,318.8,18.3,D,0
13.6338,-14.7888,337.5,1.1,1.1,2015-03-02,1418,Aqua,MODIS,63,6.2,319.1,21.7,D,0
13.3953,-15.4886,347.7,1.2,1.1,2015-03-02,1418,Aqua,MODIS,90,6.2,317.7,45.1,D,0
13.4363,-15.4841,334,1.2,1.1,2015-03-02,1418,Aqua,MODIS,39,6.2,317.7,16.3,D,0
13.6479,-14.861,329.7,1.1,1.1,2015-03-02,1418,Aqua,MODIS,36,6.2,317,10.1,D,0
13.7004,-15.1763,357.1,1.2,1.1,2015-03-02,1418,Aqua,MODIS,98,6.2,314.8,74.9,D,0
13.7353,-15.2699,333.7,1.2,1.1,2015-03-02,1418,Aqua,MODIS,68,6.2,318.7,15.3,D,0
13.6583,-15.1093,331.5,1.2,1.1,2015-03-02,1418,Aqua,MODIS,46,6.2,317.9,12.8,D,0
13.2575,-14.1665,340.6,1.1,1,2015-03-02,1418,Aqua,MODIS,81,6.2,319.7,23.3,D,0
13.2561,-14.1763,336.9,1.1,1,2015-03-02,1418,Aqua,MODIS,75,6.2,318.8,16.7,D,0
13.3588,-14.2284,335.2,1.1,1,2015-03-02,1418,Aqua,MODIS,58,6.2,320.9,12.2,D,0
13.2136,-16.186,337.6,1.4,1.2,2015-03-02,1418,Aqua,MODIS,73,6.2,317.7,35.1,D,0
13.3104,-14.3617,348.9,1.1,1,2015-03-02,1418,Aqua,MODIS,91,6.2,317.3,45.7,D,0
13.4346,-15.4952,337.6,1.2,1.1,2015-03-02,1418,Aqua,MODIS,71,6.2,317.4,23.3,D,0
13.3936,-15.4998,345.1,1.2,1.1,2015-03-02,1418,Aqua,MODIS,88,6.2,317.5,40.1,D,0
13.3119,-14.3518,352.3,1.1,1,2015-03-02,1418,Aqua,MODIS,94,6.2,318.3,54.3,D,0
13.5094,-13.8893,333.6,1,1,2015-03-02,1418,Aqua,MODIS,66,6.2,319,13.2,D,0
13.508,-13.8988,332.8,1,1,2015-03-02,1418,Aqua,MODIS,64,6.2,319,12.5,D,0
13.4151,-15.4247,323.5,1.5,1.2,2015-03-03,1157,Terra,MODIS,64,6.2,307.8,16.2,D,0
13.433,-15.4648,325.1,1.5,1.2,2015-03-03,1157,Terra,MODIS,56,6.2,306.8,17.3,D,0
13.1508,-16.7471,328.2,1.3,1.1,2015-03-03,1157,Terra,MODIS,74,6.2,309.7,19.9,D,0
13.4439,-15.463,324.7,1.5,1.2,2015-03-03,1157,Terra,MODIS,47,6.2,305.1,17.6,D,0
13.1516,-16.7523,345.4,1.3,1.1,2015-03-03,1157,Terra,MODIS,91,6.2,310.4,56.8,D,0
13.1527,-16.7587,336.7,1.3,1.1,2015-03-03,1157,Terra,MODIS,79,6.2,308.9,36.3,D,0
13.402,-15.4492,331.1,2,1.4,2015-03-04,1406,Aqua,MODIS,63,6.2,318,28.3,D,0
13.1697,-16.3422,345.7,2.3,1.5,2015-03-04,1406,Aqua,MODIS,89,6.2,314,121.3,D,0
13.1692,-16.3251,328.7,2.3,1.5,2015-03-04,1406,Aqua,MODIS,25,6.2,312.7,31.5,D,0
13.3623,-14.1185,342.3,1.6,1.2,2015-03-04,1406,Aqua,MODIS,84,6.2,315.8,53.3,D,0
13.1655,-16.3464,342.5,2.3,1.5,2015-03-04,1406,Aqua,MODIS,86,6.2,315.7,103,D,0
13.4381,-13.9998,337.7,1.6,1.2,2015-03-04,1406,Aqua,MODIS,77,6.2,316.4,34.9,D,0
13.6265,-14.8335,315.3,1.2,1.1,2015-03-04,2331,Terra,MODIS,91,6.2,296.5,15.4,N,0
13.4433,-14.7378,326.1,1.1,1.1,2015-03-05,1145,Terra,MODIS,47,6.2,313,8.7,D,0
13.3758,-15.5628,324.2,1,1,2015-03-05,1145,Terra,MODIS,27,6.2,311.2,6,D,0
13.3744,-15.5533,344.2,1,1,2015-03-05,1145,Terra,MODIS,89,6.2,315.8,36.3,D,0
13.3823,-15.5968,354.8,1.6,1.2,2015-03-05,1449,Aqua,MODIS,96,6.2,320.1,96.3,D,0
13.3834,-15.5913,363.8,1.6,1.2,2015-03-05,1449,Aqua,MODIS,100,6.2,321.2,144.2,D,0
13.3722,-15.5899,334.6,1.6,1.2,2015-03-05,1449,Aqua,MODIS,55,6.2,314.8,24.1,D,0
13.3953,-15.5835,337.5,1.6,1.3,2015-03-05,1449,Aqua,MODIS,79,6.2,319.5,34.3,D,0
13.3841,-15.5821,354.2,1.6,1.3,2015-03-05,1449,Aqua,MODIS,96,6.2,317.2,93.7,D,0
13.3935,-15.5982,336.5,1.6,1.2,2015-03-05,1449,Aqua,MODIS,77,6.2,320.8,31.4,D,0
13.3853,-15.5765,340.3,1.6,1.3,2015-03-05,1449,Aqua,MODIS,38,6.2,316.1,36.7,D,0
13.4694,-16.6427,317.4,1.2,1.1,2015-03-06,2318,Terra,MODIS,95,6.2,292,19.2,N,0
13.389,-14.0506,330.1,1,1,2015-03-07,1132,Terra,MODIS,69,6.2,312.9,11,D,0
13.2676,-14.2278,339.2,1.2,1.1,2015-03-07,1437,Aqua,MODIS,78,6.2,318.3,23.1,D,0
13.5651,-14.8527,338.1,1.3,1.1,2015-03-12,1151,Terra,MODIS,0,6.2,307.5,36.4,D,0
13.6802,-15.1372,329.8,1,1,2015-03-14,1139,Terra,MODIS,56,6.2,306.4,14.6,D,0
13.4374,-14.419,344.5,1,1,2015-03-16,1431,Aqua,MODIS,86,6.2,318.4,26.9,D,0
13.4968,-13.9839,334.4,1.1,1,2015-03-16,1431,Aqua,MODIS,63,6.2,314.1,10.2,D,0
13.4829,-13.9679,304,3.7,1.8,2015-03-16,2355,Terra,MODIS,58,6.2,292.2,34.8,N,0
13.481,-13.9687,305.6,1,1,2015-03-17,0245,Aqua,MODIS,51,6.2,287.4,5.6,N,0
13.4796,-13.9591,308.7,1,1,2015-03-17,0245,Aqua,MODIS,52,6.2,291.7,7.5,N,0
13.3319,-14.1321,327.1,3.4,1.7,2015-03-17,1209,Terra,MODIS,65,6.2,309,49,D,0
13.4187,-13.9841,339.7,1.1,1,2015-03-18,1418,Aqua,MODIS,82,6.2,314.4,19.8,D,0
13.4279,-13.9855,346.3,1.1,1,2015-03-18,1418,Aqua,MODIS,89,6.2,316.6,33.6,D,0
13.1727,-16.1499,329.6,2.3,1.5,2015-03-20,1406,Aqua,MODIS,60,6.2,308.6,37.9,D,0
13.5073,-13.9491,338.3,1.5,1.2,2015-03-20,1406,Aqua,MODIS,78,6.2,317.2,31,D,0
13.1857,-16.1523,339,2.3,1.5,2015-03-20,1406,Aqua,MODIS,81,6.2,310.5,84.1,D,0
13.5893,-14.7771,339.7,1.8,1.3,2015-03-20,1406,Aqua,MODIS,81,6.2,315.8,47.9,D,0
13.3022,-15.8533,349.8,1.1,1.1,2015-03-23,1133,Terra,MODIS,94,6.2,305.2,55.6,D,0
13.3067,-15.8461,328,1.1,1.1,2015-03-23,1133,Terra,MODIS,70,6.2,305.1,12.7,D,0
13.3007,-15.8432,341.4,1.1,1.1,2015-03-23,1133,Terra,MODIS,87,6.2,305,36.4,D,0
13.3045,-15.8495,328.4,1,1,2015-03-23,1437,Aqua,MODIS,59,6.2,302.8,10.3,D,0
13.3187,-16.7301,324,1,1,2015-03-23,1437,Aqua,MODIS,59,6.2,301.1,6.8,D,0
13.3874,-14.0019,328.3,1.3,1.1,2015-03-25,1121,Terra,MODIS,48,6.2,310.2,10.8,D,0
13.2055,-16.0209,328.5,1.9,1.3,2015-03-26,1203,Terra,MODIS,76,6.2,291.1,35.6,D,0
13.2016,-16.0685,322.4,3.3,1.7,2015-03-26,1507,Aqua,MODIS,52,6.2,279.4,51.1,D,0
13.205,-16.038,324.2,3.3,1.7,2015-03-26,1507,Aqua,MODIS,62,6.2,280.8,60.3,D,0
13.1895,-16.0363,323.6,3.3,1.7,2015-03-26,1507,Aqua,MODIS,57,6.2,279.8,52.8,D,0
13.2096,-16.0066,305.9,2.9,1.6,2015-03-26,2254,Terra,MODIS,66,6.2,273.9,38.8,N,0
13.2111,-16.0137,308.8,2.9,1.6,2015-03-26,2254,Terra,MODIS,76,6.2,273.9,47,N,0
13.2142,-15.9957,349.6,1.7,1.3,2015-03-27,1412,Aqua,MODIS,93,6.2,308.2,87.8,D,0
13.2116,-16.0111,349.6,1.7,1.3,2015-03-27,1412,Aqua,MODIS,93,6.2,308.6,87.9,D,0
13.4001,-15.4317,345.1,1.5,1.2,2015-03-27,1412,Aqua,MODIS,89,6.2,313.6,56.4,D,0
13.1843,-16.5391,329.2,1.9,1.3,2015-03-27,1412,Aqua,MODIS,65,6.2,306.5,24.7,D,0
13.6479,-14.9767,329.8,1.4,1.2,2015-03-27,1412,Aqua,MODIS,37,6.2,303.7,20.4,D,0
13.6584,-14.9785,331,1.4,1.2,2015-03-27,1412,Aqua,MODIS,58,6.2,306.4,23.2,D,0
13.6563,-14.9914,333.9,1.4,1.2,2015-03-27,1412,Aqua,MODIS,71,6.2,304.3,30.2,D,0
13.2999,-16.7306,329,1.9,1.4,2015-03-27,1412,Aqua,MODIS,61,6.2,309.7,27.3,D,0
13.6432,-14.9968,306.7,1.4,1.2,2015-03-27,2337,Terra,MODIS,64,6.2,295.8,7.7,N,0
13.3618,-14.1398,332.8,2.7,1.6,2015-03-28,1455,Aqua,MODIS,53,6.2,315.4,40.4,D,0
13.6252,-15.0152,336.2,2.3,1.5,2015-03-28,1455,Aqua,MODIS,64,6.2,316.6,43.9,D,0
13.5657,-14.7334,339.9,2.5,1.5,2015-03-28,1455,Aqua,MODIS,81,6.2,317.7,68.2,D,0
13.5522,-14.7316,352,2.5,1.5,2015-03-28,1455,Aqua,MODIS,82,6.2,316.7,159.6,D,0
13.5589,-14.7272,351.6,2.5,1.5,2015-03-28,1455,Aqua,MODIS,81,6.2,317.9,158.1,D,0
13.5562,-14.7496,335,2.4,1.5,2015-03-28,1455,Aqua,MODIS,0,6.2,314.9,50.7,D,0
13.3033,-16.733,332.2,3.3,1.7,2015-03-29,1400,Aqua,MODIS,67,6.2,312.2,85.9,D,0
13.1659,-16.5188,303,1,1,2015-03-29,2325,Terra,MODIS,53,6.2,292.6,5.1,N,0
13.4115,-14.6263,354.3,1,1,2015-03-30,1139,Terra,MODIS,96,6.2,319.8,51.2,D,0
13.4191,-14.6157,331.9,1,1,2015-03-30,1139,Terra,MODIS,65,6.2,319.2,10.6,D,0
13.1674,-16.4748,350.7,1,1,2015-03-30,1139,Terra,MODIS,93,6.2,316.7,46.3,D,0
13.4295,-14.746,333.8,1,1,2015-03-30,1139,Terra,MODIS,73,6.2,318,11.7,D,0
13.4205,-14.6249,338.1,1,1,2015-03-30,1139,Terra,MODIS,80,6.2,319.2,20.6,D,0
13.1728,-16.5125,334.6,1,1,2015-03-30,1139,Terra,MODIS,70,6.2,314.8,15.5,D,0
13.1687,-16.4842,353.6,1,1,2015-03-30,1139,Terra,MODIS,95,6.2,316.9,52.5,D,0
13.4461,-14.7341,331.7,1,1,2015-03-30,1139,Terra,MODIS,51,6.2,317.8,10.4,D,0
13.1637,-16.5138,332.4,1,1,2015-03-30,1139,Terra,MODIS,54,6.2,317.6,12.2,D,0
13.165,-16.4711,335.6,1.1,1.1,2015-03-30,1443,Aqua,MODIS,47,6.2,321.1,12,D,0
13.5008,-14.8693,344,1.4,1.2,2015-03-30,1443,Aqua,MODIS,81,6.2,323.6,41.9,D,0
13.1977,-16.1544,339,1.2,1.1,2015-03-30,1443,Aqua,MODIS,78,6.2,324.4,19.6,D,0
13.1636,-16.4814,365.6,1.1,1.1,2015-03-30,1443,Aqua,MODIS,100,6.2,325.7,90.5,D,0
13.2087,-16.6198,339.9,1.1,1.1,2015-03-30,1443,Aqua,MODIS,80,6.2,321.1,22.1,D,0
13.2017,-16.7426,335.9,1.1,1,2015-03-30,1443,Aqua,MODIS,72,6.2,321.1,15,D,0
13.2004,-16.7526,333.5,1.1,1,2015-03-30,1443,Aqua,MODIS,61,6.2,321.1,11.6,D,0
13.4788,-13.8809,335.1,1.7,1.3,2015-03-30,1443,Aqua,MODIS,70,6.2,322.1,22.6,D,0
13.4772,-14.97,303.4,1.3,1.1,2015-03-31,0257,Aqua,MODIS,55,6.2,293.2,8.2,N,0
13.4247,-13.9827,333.9,1.1,1,2015-04-01,1127,Terra,MODIS,62,6.2,318.7,12.9,D,0
13.3632,-14.1298,332.3,1.1,1,2015-04-01,1127,Terra,MODIS,64,6.2,318.9,10.5,D,0
13.6817,-14.9566,337.5,1,1,2015-04-01,1431,Aqua,MODIS,49,6.2,321.5,16.4,D,0
13.2501,-16.2405,341,1,1,2015-04-01,1431,Aqua,MODIS,81,6.2,320.8,23.8,D,0
13.4096,-15.7499,312.3,2.1,1.4,2015-04-02,2300,Terra,MODIS,85,6.2,291.8,28.8,N,0
13.3656,-15.781,303.9,2.1,1.4,2015-04-02,2300,Terra,MODIS,19,6.2,292.6,11.9,N,0
13.3814,-15.7643,329.6,2.1,1.4,2015-04-02,2300,Terra,MODIS,100,6.2,295.1,77.6,N,0
13.3781,-15.7833,328,2.1,1.4,2015-04-02,2300,Terra,MODIS,100,6.2,293.5,72.3,N,0
13.4127,-15.731,316.6,2.1,1.4,2015-04-02,2300,Terra,MODIS,93,6.2,292.5,40,N,0
13.2021,-16.2571,334.2,1.4,1.2,2015-04-03,1419,Aqua,MODIS,78,6.2,297.5,32.7,D,0
13.36,-15.7695,336.7,1.3,1.1,2015-04-03,1419,Aqua,MODIS,72,6.2,314.9,19.6,D,0
13.39,-15.7745,338.9,1.3,1.1,2015-04-03,1419,Aqua,MODIS,75,6.2,315.9,22.3,D,0
13.2161,-16.2621,328.9,1.4,1.2,2015-04-04,1157,Terra,MODIS,70,6.2,310.6,16.7,D,0
13.3938,-15.8789,327.5,1,1,2015-04-06,1145,Terra,MODIS,40,6.2,309.1,8.4,D,0
13.3861,-15.8896,351.4,1,1,2015-04-06,1145,Terra,MODIS,94,6.2,308.1,49.4,D,0
13.3847,-15.8803,338.8,1,1,2015-04-06,1145,Terra,MODIS,83,6.2,312.4,24,D,0
13.3869,-15.9027,339.5,1.1,1.1,2015-04-08,1133,Terra,MODIS,79,6.2,311,28,D,0
13.2464,-16.3016,357.7,1,1,2015-04-08,1437,Aqua,MODIS,98,6.2,317.1,61.6,D,0
13.2477,-16.2922,333.6,1,1,2015-04-08,1437,Aqua,MODIS,43,6.2,314.6,12.7,D,0
13.2787,-16.2682,353.4,1,1,2015-04-08,1437,Aqua,MODIS,89,6.2,308.8,56.4,D,0
13.28,-16.2589,358.5,1,1,2015-04-08,1437,Aqua,MODIS,98,6.2,315.2,69.6,D,0
13.2554,-16.3029,338.2,1,1,2015-04-08,1437,Aqua,MODIS,54,6.2,317.5,22.4,D,0
13.3119,-16.7178,322.2,2.8,1.6,2015-04-09,1216,Terra,MODIS,47,6.2,301.4,32.4,D,0
13.3087,-16.7237,322.4,2.8,1.6,2015-04-09,1216,Terra,MODIS,45,6.2,301.7,34,D,0
13.574,-15.3133,332.1,3.9,1.8,2015-04-11,1508,Aqua,MODIS,80,6.2,307,100.5,D,0
13.5789,-15.3189,327.7,3.9,1.8,2015-04-11,1508,Aqua,MODIS,52,6.2,306.9,56.1,D,0
13.4526,-14.6173,332.8,1,1,2015-04-17,1431,Aqua,MODIS,0,6.2,314.2,8.2,D,0
13.3014,-16.7157,332.8,1.5,1.2,2015-04-19,1419,Aqua,MODIS,85,6.2,309.6,27.5,D,0
13.3058,-16.7229,330.4,1.5,1.2,2015-04-19,1419,Aqua,MODIS,83,6.2,309.3,21.6,D,0
13.168,-16.5704,325.5,1.3,1.1,2015-04-20,1157,Terra,MODIS,53,6.2,308.9,9.9,D,0
13.4074,-14.6926,331.3,1,1,2015-04-24,1133,Terra,MODIS,54,6.2,316.2,7.7,D,0
13.1753,-16.5622,324.3,2.9,1.6,2015-04-25,1216,Terra,MODIS,53,6.2,306.9,33.1,D,0
13.6023,-15.2933,336.1,1,1,2015-04-26,1425,Aqua,MODIS,71,6.2,320.8,12.5,D,0
13.232,-16.2839,327.3,3.3,1.7,2015-04-27,1508,Aqua,MODIS,63,6.2,306.3,64,D,0
13.2309,-16.3063,338.9,3.3,1.7,2015-04-27,1508,Aqua,MODIS,84,6.2,305.2,152.9,D,0
13.2287,-16.3137,333.6,3.3,1.7,2015-04-27,1508,Aqua,MODIS,78,6.2,304.6,108,D,0
13.3741,-14.0195,313.1,1.1,1,2015-04-30,2325,Terra,MODIS,86,6.2,293.7,10.4,N,0
13.2499,-16.5765,350.5,1.1,1.1,2015-05-01,1443,Aqua,MODIS,92,6.2,315.4,51.8,D,0
13.2513,-16.5661,333.8,1.1,1.1,2015-05-01,1443,Aqua,MODIS,68,6.2,311.2,15.9,D,0
13.2476,-15.8879,339.6,1.2,1.1,2015-05-01,1443,Aqua,MODIS,59,6.2,315.7,27.2,D,0
13.2594,-16.5778,340.5,1.1,1.1,2015-05-01,1443,Aqua,MODIS,82,6.2,313.2,28.9,D,0
13.3989,-14.1033,343.4,1.1,1,2015-05-03,1431,Aqua,MODIS,88,6.2,317.1,26.4,D,0
13.3599,-15.6291,325.3,1,1,2015-05-03,1431,Aqua,MODIS,58,6.2,294.1,8.4,D,0
13.3015,-14.1423,330.7,1.2,1.1,2015-05-08,1145,Terra,MODIS,73,6.2,307.6,12.5,D,0
13.678,-15.032,331.1,3.1,1.7,2015-05-09,1354,Aqua,MODIS,37,6.2,303.2,78.8,D,0
13.4183,-14.2489,334.6,2.7,1.6,2015-05-09,1354,Aqua,MODIS,73,6.2,307.3,64.7,D,0
13.4218,-14.2544,330.9,2.7,1.6,2015-05-09,1354,Aqua,MODIS,62,6.2,307.5,41.9,D,0
13.1929,-16.1983,332.3,1.1,1.1,2015-05-10,1133,Terra,MODIS,69,6.2,308,14.4,D,0
13.3596,-15.6253,336,1.1,1,2015-05-10,1133,Terra,MODIS,77,6.2,310,16.9,D,0
13.3286,-14.2061,343.5,1.3,1.1,2015-05-10,1437,Aqua,MODIS,85,6.2,309.2,36.2,D,0
13.5273,-16.4649,334,1,1,2015-05-10,1437,Aqua,MODIS,48,6.2,310.8,12.9,D,0
13.1467,-16.7516,328.7,1,1,2015-05-10,1437,Aqua,MODIS,36,6.2,307.1,11.1,D,0
13.471,-16.2687,343.5,1,1,2015-05-10,1437,Aqua,MODIS,86,6.2,312.9,27.1,D,0
13.4697,-16.2781,341.9,1,1,2015-05-10,1437,Aqua,MODIS,84,6.2,313.1,23.1,D,0
13.3301,-14.1946,337.6,1.3,1.1,2015-05-10,1437,Aqua,MODIS,75,6.2,308.5,22.3,D,0
13.3643,-15.6348,337.6,1.1,1,2015-05-10,1437,Aqua,MODIS,77,6.2,310.6,17.3,D,0
13.3657,-15.625,344.9,1.1,1,2015-05-10,1437,Aqua,MODIS,87,6.2,312.1,31.1,D,0
13.5551,-16.3066,328.4,1.9,1.3,2015-05-12,1121,Terra,MODIS,62,6.2,304.5,17,D,0
13.2755,-14.2688,330.8,2.2,1.5,2015-05-14,1109,Terra,MODIS,71,6.2,306.2,32.3,D,0
13.5346,-15.952,334.4,2,1.4,2015-05-15,1455,Aqua,MODIS,75,6.2,307.7,31.8,D,0
13.2647,-14.2788,337.8,1,1,2015-05-17,1139,Terra,MODIS,80,6.2,305.4,18.6,D,0
13.3303,-14.1939,306.1,1.1,1,2015-05-18,2313,Terra,MODIS,41,6.2,287.6,6,N,0
13.6838,-14.8197,329.1,1.2,1.1,2015-05-19,1127,Terra,MODIS,62,6.2,306.4,9.8,D,0
13.6094,-14.6585,351.5,1,1,2015-05-19,1431,Aqua,MODIS,93,6.2,312.3,42.2,D,0
13.4789,-16.2886,329.7,1,1,2015-05-19,1431,Aqua,MODIS,63,6.2,303.2,7.7,D,0
13.6107,-14.6491,335.7,1,1,2015-05-19,1431,Aqua,MODIS,72,6.2,310.1,12.2,D,0
13.6081,-14.6679,337.3,1,1,2015-05-19,1431,Aqua,MODIS,76,6.2,311.3,14.5,D,0
13.385,-13.9346,341.7,1,1,2015-05-21,1418,Aqua,MODIS,84,6.2,313.4,18.6,D,0
13.3895,-15.5421,337.8,1.1,1,2015-05-26,1133,Terra,MODIS,77,6.2,315.6,17.8,D,0
13.1685,-16.1379,331.8,1.1,1.1,2015-05-26,1133,Terra,MODIS,62,6.2,314.8,11.4,D,0
13.2369,-16.038,353.7,1.1,1.1,2015-05-26,1133,Terra,MODIS,95,6.2,314.4,59.4,D,0
13.4648,-14.9102,335.5,1,1,2015-05-26,1133,Terra,MODIS,71,6.2,318.1,10.3,D,0
13.3742,-15.6349,332.2,1.1,1,2015-05-26,1133,Terra,MODIS,46,6.2,315.4,8.6,D,0
13.3988,-15.5407,337.7,1.1,1,2015-05-26,1133,Terra,MODIS,47,6.2,315.6,20.2,D,0
13.5612,-15.6567,336.3,1.1,1,2015-05-26,1133,Terra,MODIS,73,6.2,317.1,14.1,D,0
13.4083,-14.4065,340.9,1.2,1.1,2015-05-26,1437,Aqua,MODIS,81,6.2,322.7,18,D,0
13.4017,-15.5431,343.1,1.1,1,2015-05-26,1437,Aqua,MODIS,84,6.2,320,21.5,D,0
13.3924,-15.5418,338.8,1.1,1,2015-05-26,1437,Aqua,MODIS,78,6.2,321.3,14,D,0
13.4478,-16.289,342.2,1,1,2015-05-26,1437,Aqua,MODIS,67,6.2,322.5,18.9,D,0
13.4491,-16.2796,338.7,1,1,2015-05-26,1437,Aqua,MODIS,51,6.2,322,12.1,D,0
13.336,-14.2859,311.8,1.3,1.1,2015-05-27,2307,Terra,MODIS,80,6.2,296.6,11.7,N,0
13.4472,-14.2859,330.3,1.3,1.1,2015-05-28,1121,Terra,MODIS,67,6.2,307.1,15.1,D,0
13.3445,-14.2817,326.1,1.3,1.1,2015-05-28,1121,Terra,MODIS,41,6.2,305.8,10,D,0
13.3958,-15.5306,328.5,1,1,2015-05-28,1425,Aqua,MODIS,31,6.2,304.1,9.1,D,0
13.3467,-14.2888,338,1,1,2015-05-28,1425,Aqua,MODIS,60,6.2,319.6,12.5,D,0
13.2682,-16.0131,332.4,1.1,1,2015-05-28,1425,Aqua,MODIS,25,6.2,307.9,16.2,D,0
13.3966,-16.052,340.5,1.4,1.2,2015-06-04,1127,Terra,MODIS,84,6.2,303.7,53.2,D,0
13.6505,-14.653,340.1,1,1,2015-06-04,1431,Aqua,MODIS,80,6.2,319.4,16.5,D,0
13.6492,-14.6625,340.7,1,1,2015-06-04,1431,Aqua,MODIS,81,6.2,319.5,16.8,D,0
13.4684,-14.9324,333.9,1.7,1.3,2015-06-07,1158,Terra,MODIS,77,6.2,307.5,27.8,D,0
13.4709,-14.948,333.9,1.7,1.3,2015-06-07,1158,Terra,MODIS,77,6.2,306.9,28.8,D,0
13.5911,-14.7038,329.9,1.8,1.3,2015-06-07,1158,Terra,MODIS,68,6.2,307.2,20.4,D,0
13.4682,-14.9421,341.2,1.7,1.3,2015-06-07,1158,Terra,MODIS,86,6.2,307.4,53.1,D,0
13.4945,-13.9079,333.8,1.5,1.2,2015-06-08,1406,Aqua,MODIS,68,6.2,310,20.3,D,0
13.4967,-13.8942,330.1,1.5,1.2,2015-06-08,1406,Aqua,MODIS,39,6.2,309.1,11.4,D,0
13.622,-15.157,342,1.8,1.3,2015-06-09,1449,Aqua,MODIS,72,6.2,303.3,68.3,D,0
13.6236,-15.1665,338.8,1.8,1.3,2015-06-09,1449,Aqua,MODIS,76,6.2,302.8,51.5,D,0
13.5433,-14.8581,307.3,1,1,2015-06-10,2319,Terra,MODIS,60,6.2,293,4.5,N,0
13.3459,-14.5651,306.5,1,1,2015-06-10,2319,Terra,MODIS,54,6.2,294.9,3.7,N,0
13.5446,-14.8489,316.6,1,1,2015-06-10,2319,Terra,MODIS,92,6.2,293.4,11.7,N,0
13.1651,-16.2805,337.2,1,1,2015-06-11,1437,Aqua,MODIS,79,6.2,305.2,18,D,0
13.1741,-16.2819,356.4,1,1,2015-06-11,1437,Aqua,MODIS,97,6.2,308,57.1,D,0
13.5873,-14.5124,325.3,1.3,1.1,2015-06-12,2307,Terra,MODIS,100,6.2,296.5,27.5,N,0
13.5854,-14.5242,321.3,1.3,1.1,2015-06-12,2307,Terra,MODIS,100,6.2,296.2,21.6,N,0
13.4875,-14.0166,324.8,1.1,1,2015-06-18,1139,Terra,MODIS,49,6.2,301.3,6.9,D,0
13.3283,-14.4887,326,1,1,2015-06-18,1139,Terra,MODIS,51,6.2,302.9,9.4,D,0
13.3373,-14.4873,325.3,1,1,2015-06-18,1139,Terra,MODIS,50,6.2,301.8,8.2,D,0
13.3444,-15.9609,330.6,1,1,2015-06-18,1140,Terra,MODIS,72,6.2,304.3,11.7,D,0
13.3462,-15.9398,336.6,1.2,1.1,2015-06-18,1443,Aqua,MODIS,79,6.2,305,22.7,D,0
13.3448,-15.951,338.9,1.2,1.1,2015-06-18,1443,Aqua,MODIS,82,6.2,306.2,27.8,D,0
13.6427,-14.5987,335.6,1.5,1.2,2015-06-18,1443,Aqua,MODIS,78,6.2,305.4,27,D,0
13.3433,-15.9621,330.6,1.2,1.1,2015-06-18,1443,Aqua,MODIS,68,6.2,306.6,12.4,D,0
13.488,-14.0316,328.4,1.1,1,2015-06-20,1127,Terra,MODIS,66,6.2,303,9.8,D,0
13.3832,-16.4602,328.9,1,1,2015-06-20,1431,Aqua,MODIS,60,6.2,306.5,11.2,D,0
13.2475,-16.1261,328.1,1,1,2015-06-20,1431,Aqua,MODIS,22,6.2,305.4,13.1,D,0
13.3785,-15.7874,332.2,1,1,2015-06-20,1431,Aqua,MODIS,70,6.2,308,8.4,D,0
13.3818,-16.4695,338.3,1,1,2015-06-20,1431,Aqua,MODIS,81,6.2,306.2,24.9,D,0
13.2527,-16.0215,328.4,2.5,1.5,2015-06-21,1210,Terra,MODIS,73,6.2,296.8,51.1,D,0
13.3479,-16.1788,305.2,2.2,1.4,2015-06-21,2301,Terra,MODIS,52,6.2,289.9,15.8,N,0
13.2471,-16.1243,335.8,2.2,1.4,2015-06-24,1406,Aqua,MODIS,67,6.2,295.5,76.5,D,0
13.4101,-14.1332,308.8,1.2,1.1,2015-06-28,0251,Aqua,MODIS,75,6.2,293.4,9.8,N,0
13.6717,-15.0154,337.8,1,1,2015-06-29,1425,Aqua,MODIS,47,6.2,305.4,19.1,D,0
13.6731,-15.0062,347.6,1,1,2015-06-29,1425,Aqua,MODIS,83,6.2,308,38.1,D,0
13.3096,-16.0095,327.3,2,1.4,2015-07-02,1455,Aqua,MODIS,42,6.2,299.8,31.8,D,0
13.2656,-16.1231,327.2,1,1,2015-07-04,1140,Terra,MODIS,46,6.2,300.7,15.3,D,0
13.4921,-16.033,329,1,1,2015-07-04,1140,Terra,MODIS,70,6.2,304.9,11.9,D,0
13.3785,-16.0692,325.8,4.2,1.9,2015-07-05,1223,Terra,MODIS,79,6.2,294.9,97.4,D,0
13.3753,-16.0766,322.8,4.2,1.9,2015-07-05,1223,Terra,MODIS,76,6.2,294.9,73,D,0
13.6744,-14.9975,322.4,1.3,1.1,2015-07-18,1152,Terra,MODIS,32,6.2,300.6,15.5,D,0
13.6764,-15.0096,323.4,1.3,1.1,2015-07-18,1152,Terra,MODIS,33,6.2,302.1,16.4,D,0
13.2708,-16.099,315.8,1.9,1.4,2015-07-18,1455,Aqua,MODIS,0,6.2,293.1,15.4,D,0
13.4746,-13.9922,328.1,1,1,2015-11-04,1424,Aqua,MODIS,77,6.2,307.5,14,D,0
13.5288,-14.0216,326,1.1,1,2015-11-11,1430,Aqua,MODIS,76,6.2,307.2,13.4,D,0
13.6545,-14.6108,322.2,1.9,1.4,2015-11-16,1448,Aqua,MODIS,69,6.2,309.8,19.2,D,0
13.1774,-16.4593,325.9,1,1,2015-11-18,1436,Aqua,MODIS,81,6.2,300.7,19.6,D,0
13.1787,-16.45,320,1,1,2015-11-18,1436,Aqua,MODIS,75,6.2,301,13.2,D,0
13.3132,-16.7207,314.6,1.1,1,2015-11-25,1139,Terra,MODIS,70,6.2,299.8,5.8,D,0
13.4935,-13.9822,319.8,1.1,1,2015-11-27,1127,Terra,MODIS,61,6.2,304.6,8.7,D,0
13.4806,-14.0007,325.7,1.1,1,2015-11-27,1430,Aqua,MODIS,47,6.2,311,10.5,D,0
13.4792,-14.0105,325.4,1.1,1,2015-11-27,1430,Aqua,MODIS,61,6.2,310.7,10.1,D,0
13.4898,-14.002,340.4,1.1,1,2015-11-27,1430,Aqua,MODIS,88,6.2,311.1,31.6,D,0
13.4885,-14.0118,334.8,1.1,1,2015-11-27,1430,Aqua,MODIS,84,6.2,309.5,22.3,D,0
13.4124,-14.2838,321.8,1,1,2015-12-04,1133,Terra,MODIS,72,6.2,305.9,9.7,D,0
13.4165,-14.2908,338.9,1.2,1.1,2015-12-04,1436,Aqua,MODIS,88,6.2,309.8,39.4,D,0
13.415,-14.3021,331.4,1.2,1.1,2015-12-04,1436,Aqua,MODIS,81,6.2,309.1,24.9,D,0
13.5811,-14.6442,325.4,1.2,1.1,2015-12-13,1127,Terra,MODIS,80,6.2,301.6,19.6,D,0
13.5825,-14.6549,357,1.2,1.1,2015-12-13,1127,Terra,MODIS,98,6.2,302.4,89.9,D,0
13.5729,-14.6563,319.4,1.2,1.1,2015-12-13,1127,Terra,MODIS,65,6.2,295.8,14.7,D,0
13.6079,-14.8595,332.9,1,1,2015-12-13,1430,Aqua,MODIS,85,6.2,300.5,22.8,D,0
13.4961,-13.9471,319.9,1.2,1.1,2015-12-18,1145,Terra,MODIS,66,6.2,305.4,11.4,D,0
13.4728,-14.0245,323.4,2.1,1.4,2015-12-18,1448,Aqua,MODIS,48,6.2,310.8,26.8,D,0
13.4738,-14.032,325.8,2.1,1.4,2015-12-18,1448,Aqua,MODIS,73,6.2,311.1,35.2,D,0
13.4957,-13.9552,326.8,2.2,1.4,2015-12-18,1448,Aqua,MODIS,75,6.2,309.2,43.7,D,0
13.4953,-13.9476,324.6,2.2,1.4,2015-12-18,1448,Aqua,MODIS,49,6.2,309.7,33,D,0
13.4928,-13.9675,326.1,2.2,1.4,2015-12-18,1448,Aqua,MODIS,60,6.2,307.7,35.1,D,0
13.3981,-14.34,321.7,1.2,1.1,2015-12-20,1436,Aqua,MODIS,59,6.2,310,9.6,D,0
13.4668,-13.8382,325,1,1,2015-12-22,1424,Aqua,MODIS,73,6.2,306.4,11.2,D,0
13.4622,-13.8558,311.8,2.7,1.6,2015-12-23,1203,Terra,MODIS,33,6.2,298.8,19.5,D,0
13.667,-15.2209,321.4,1.3,1.1,2015-12-25,1151,Terra,MODIS,54,6.2,301.3,17,D,0
13.3832,-15.4708,313.8,1.3,1.1,2015-12-29,1127,Terra,MODIS,53,6.2,292.4,10.2,D,0
13.3211,-15.8547,310.7,1.4,1.2,2015-12-29,1127,Terra,MODIS,59,6.2,295.3,9.1,D,0
13.3817,-15.466,327.1,1,1,2015-12-29,1430,Aqua,MODIS,80,6.2,302.2,16.6,D,0
